0.17	0.34	That
0.34	0.50	brings
0.50	0.65	us
0.65	0.80	to
0.80	1.16	mistakes
1.16	1.29	five
1.29	1.41	and
1.41	1.53	six
1.53	1.65	which
1.65	1.76	work
1.76	2.02	together
2.02	2.12	to
2.12	2.35	sabotage
2.35	2.43	your
2.43	2.69	metabolic
2.69	2.97	flexibility
4.87	5.17	Mistake
5.17	5.44	number
5.44	5.58	five
5.58	5.71	is
5.71	5.93	eating
5.93	6.13	within
6.13	6.23	five
6.23	6.32	to
6.32	6.41	ten
6.41	6.63	minutes
6.63	6.70	of
6.70	6.83	waking
6.83	6.89	up
8.38	8.80	Overnight
8.80	9.04	while
9.04	9.16	you
9.16	9.27	sleep
9.27	9.38	your
9.38	9.62	insulin
9.62	9.70	drops
9.70	9.78	to
9.78	9.95	baseline
11.06	11.43	allowing
11.43	11.56	your
11.56	11.78	body
11.78	11.89	to
11.89	11.99	tap
11.99	12.16	into
12.16	12.32	stored
12.32	12.40	fat
12.40	12.58	reserves
12.58	12.65	for
12.65	12.80	energy
14.09	14.26	When
14.26	14.43	you
14.43	14.59	eat
14.59	15.22	immediately
15.22	15.46	upon
15.46	15.68	waking
15.68	15.80	you
15.80	15.92	slam
15.92	16.03	that
16.03	16.31	fat-burning
16.31	16.48	window
16.48	16.58	shut
16.58	16.74	before
16.74	16.89	giving
16.89	16.97	your
16.97	17.11	body
17.11	17.19	a
17.19	17.26	chance
17.26	17.33	to
17.33	17.45	extend
17.45	17.51	it
19.76	20.08	Pushing
20.08	20.26	your
20.26	20.43	first
20.43	20.59	meal
20.59	20.75	back
20.75	20.90	just
20.90	21.16	slightly
21.16	21.41	while
21.41	21.54	you
21.54	21.76	hydrate
21.76	21.88	and
21.88	22.00	move
22.00	22.19	allows
22.19	22.30	your
22.30	22.48	body
22.48	22.58	to
22.58	22.74	remain
22.74	22.83	in
22.83	23.23	fat-utilization
23.23	23.31	mode
23.31	23.43	longer
25.88	26.16	Mistake
26.16	26.41	number
26.41	26.54	six
26.54	26.66	is
26.66	26.86	sitting
26.86	26.96	down
26.96	27.33	immediately
27.33	27.45	after
27.45	27.56	eating
28.77	28.94	When
28.94	29.10	you
29.10	29.38	finish
29.38	29.54	a
29.54	29.69	meal
29.69	29.84	and
29.84	29.98	sit
29.98	30.34	directly
30.34	30.47	at
30.47	30.60	a
30.60	30.73	desk
30.73	30.85	or
30.85	30.98	on
30.98	31.09	the
31.09	31.21	couch
31.21	31.58	circulating
31.58	31.68	blood
31.68	31.86	glucose
31.86	31.96	has
31.96	32.13	nowhere
32.13	32.23	to
32.23	32.32	go
32.32	32.54	Insulin
32.54	32.62	has
32.62	32.70	to
32.70	32.78	rise
32.78	32.92	higher
32.92	32.99	to
32.99	33.07	force
33.07	33.14	that
33.14	33.31	energy
33.31	33.43	into
33.43	33.54	storage
36.39	36.88	However
36.88	37.07	a
37.07	37.39	study
37.39	37.83	published
37.83	38.00	in
38.00	38.41	Diabetes
38.41	38.56	Care
38.56	38.71	found
38.71	38.86	that
38.86	39.01	in
39.01	39.26	older
39.26	39.50	adults
39.50	39.63	a
39.63	39.85	15-minute
39.85	39.98	light
39.98	40.10	walk
40.10	40.31	after
40.31	40.42	each
40.42	40.53	meal
40.53	40.80	controlled
40.80	40.91	24-hour
40.91	41.01	blood
41.01	41.18	sugar
41.18	41.28	as
41.28	41.65	effectively
41.65	41.73	as
41.73	41.88	one
41.88	42.08	continuous
42.08	42.21	45-minute
42.21	42.29	walk
46.16	46.41	Why
46.80	47.11	Because
47.11	47.27	when
47.27	47.42	your
47.42	47.57	leg
47.57	47.82	muscles
47.82	48.05	contract
48.05	48.26	during
48.26	48.37	a
48.37	48.48	walk
48.48	48.58	they
48.58	48.68	pull
48.68	48.84	glucose
48.84	48.93	out
48.93	49.01	of
49.01	49.09	your
49.09	49.22	bloodstream
49.22	49.39	directly
50.96	51.32	without
51.32	51.58	needing
51.58	51.83	insulin
52.54	52.75	It's
52.75	52.95	an
52.95	53.40	insulin-free
53.40	53.55	side
53.55	53.68	door
53.68	53.80	for
53.80	53.99	clearing
53.99	54.08	blood
54.08	54.24	sugar
