0.20	0.42	Now
0.42	0.63	that
0.63	0.82	we've
0.82	1.43	identified
1.43	1.59	the
1.59	1.84	signals
1.84	1.99	that
1.99	2.11	stall
2.11	2.23	your
2.23	2.60	metabolism
2.60	2.70	let's
2.70	2.79	flip
2.79	2.88	the
2.88	2.96	script
4.91	5.14	Here
5.14	5.36	is
5.36	5.57	the
5.57	5.90	exact
5.90	6.08	7-Step
6.08	6.36	Morning
6.36	6.61	Blueprint
6.61	6.74	to
6.74	7.04	optimize
7.04	7.16	your
7.16	7.48	metabolism
9.18	9.53	balance
9.53	9.67	your
9.67	9.93	hormones
10.51	10.71	and
10.71	10.91	turn
10.91	11.10	your
11.10	11.41	body
11.41	11.69	into
11.69	11.83	a
11.83	12.18	fat-burning
12.18	12.39	machine
12.39	12.59	within
12.59	12.69	the
12.69	12.78	first
12.78	12.87	hour
12.87	12.96	of
12.96	13.04	your
13.04	13.11	day
15.12	15.37	Step
15.37	15.64	1
16.17	16.38	Keep
16.38	16.57	your
16.57	16.76	phone
16.76	16.93	off
16.93	17.10	or
17.10	17.26	on
17.26	17.40	Do
17.40	17.54	Not
17.54	17.77	Disturb
17.77	17.88	for
17.88	17.99	the
17.99	18.10	first
18.10	18.27	30
18.27	18.48	minutes
20.10	20.33	Let
20.33	20.56	your
20.56	21.09	natural
21.09	21.57	Cortisol
21.57	22.12	Awakening
22.12	22.39	Response
22.39	22.53	rise
22.53	22.67	and
22.67	22.80	fall
22.80	23.01	smoothly
23.01	23.21	without
23.21	23.48	triggering
23.48	23.80	artificial
23.80	23.88	stress
26.46	26.82	Step
26.82	27.00	2
27.64	28.03	Hydrate
28.03	28.33	before
28.33	28.46	you
28.46	28.72	caffeinate
29.62	29.84	Drink
29.84	30.21	16
30.21	30.42	to
30.42	30.76	20
30.76	31.08	ounces
31.08	31.39	about
31.39	31.56	half
31.56	31.71	a
31.71	31.87	litre
31.87	32.01	of
32.01	32.27	water
32.27	32.40	with
32.40	32.53	a
32.53	32.67	pinch
32.67	32.79	of
32.79	33.17	mineral-rich
33.17	33.28	sea
33.28	33.38	salt
33.38	33.48	or
33.48	33.87	electrolytes
33.87	33.96	first
33.96	34.03	thing
37.13	37.84	Rehydrating
37.84	38.03	blood
38.03	38.34	volume
38.34	38.88	stabilizes
38.88	39.01	your
39.01	39.34	energy
39.34	39.46	and
39.46	39.90	eliminates
39.90	39.99	false
39.99	40.14	hunger
40.14	40.22	cues
42.50	42.76	Step
42.76	42.99	3
42.99	43.20	Get
43.20	43.40	10
43.40	43.59	to
43.59	43.89	30
43.89	44.28	minutes
44.28	44.40	of
44.40	44.69	natural
44.69	44.87	sunlight
46.77	47.00	Head
47.00	47.37	outside
47.37	47.69	without
47.69	48.09	sunglasses
48.09	48.31	within
48.31	48.43	your
48.43	48.53	first
48.53	48.63	hour
48.63	48.79	awake
50.61	50.83	This
50.83	51.04	sets
51.04	51.22	your
51.22	51.49	master
51.49	51.80	circadian
51.80	51.89	clock
52.99	53.52	improves
53.52	53.81	daytime
53.81	54.14	insulin
54.14	54.57	sensitivity
55.61	55.87	and
55.87	56.28	primes
56.28	56.61	nighttime
56.61	57.11	melatonin
57.11	57.22	Step
57.22	57.31	4
58.49	58.73	Take
58.73	58.94	a
58.94	59.13	10
59.13	59.30	to
59.30	59.54	15-minute
59.54	59.74	morning
59.74	59.84	walk
60.87	61.09	Stack
61.09	61.30	your
61.30	61.62	sunlight
61.62	62.01	exposure
62.01	62.13	with
62.13	62.24	light
62.24	62.49	movement
63.76	64.21	Walking
64.21	64.44	clears
64.44	64.83	morning
64.83	65.04	blood
65.04	65.38	sugar
65.38	65.56	through
65.56	65.86	muscle
65.86	66.23	contraction
66.23	66.48	without
66.48	66.87	overtaxing
66.87	66.98	your
66.98	67.14	system
69.13	69.29	Step
69.29	69.37	5
69.88	70.11	Save
70.11	70.32	your
70.32	70.51	coffee
70.51	70.68	for
70.68	70.83	the
70.83	70.97	end
70.97	71.10	of
71.10	71.21	your
71.21	71.31	first
71.31	71.40	hour
72.40	72.76	Many
72.76	73.09	experts
73.09	73.40	suggest
73.40	73.69	waiting
73.69	73.94	60
73.94	74.09	to
74.09	74.42	90
74.42	74.72	minutes
74.72	74.90	after
74.90	75.08	waking
75.08	75.23	before
75.23	75.31	your
75.31	75.40	first
75.40	75.47	coffee
77.54	77.79	By
77.79	78.18	letting
78.18	78.38	your
78.38	78.82	natural
78.82	79.19	cortisol
79.19	79.31	surge
79.31	79.50	taper
79.50	79.60	off
79.60	79.69	first
81.16	81.54	caffeine
81.54	81.94	provides
81.94	82.11	smoother
82.68	83.07	cleaner
83.07	83.51	energy
83.51	83.76	without
83.76	83.87	the
83.87	84.12	mid-morning
84.12	84.21	crash
85.46	85.71	Step
85.71	85.83	6
86.10	86.34	Make
86.34	86.53	your
86.53	86.71	first
86.71	86.84	meal
86.84	87.14	Protein-First
87.86	88.18	Aim
88.18	88.47	for
88.47	88.73	at
88.73	88.98	least
88.98	89.38	30
89.38	89.58	grams
89.58	89.76	of
89.76	90.30	high-quality
90.30	90.51	protein
92.29	92.62	such
92.62	92.84	as
92.84	92.99	eggs
93.46	93.68	Greek
93.68	93.91	yogurt
94.29	94.52	or
94.52	94.70	a
94.70	94.86	clean
94.86	95.08	protein
95.08	95.17	shake
96.30	96.50	This
96.50	97.10	stabilizes
97.10	97.24	blood
97.24	97.48	sugar
97.48	97.60	and
97.60	97.71	quiets
97.71	97.82	brain
97.82	98.00	craving
98.00	98.14	signals
98.14	98.22	for
98.22	98.30	hours
99.61	99.90	Step
99.90	100.21	7
100.59	101.11	Practice
101.11	101.36	2
101.36	101.91	minutes
101.91	102.08	of
102.08	102.58	intentional
102.58	102.68	calm
104.08	104.47	Before
104.47	104.80	diving
104.80	105.07	into
105.07	105.20	work
105.20	105.32	or
105.32	105.51	checking
105.51	105.67	emails
106.78	106.98	take
106.98	107.16	two
107.16	107.56	minutes
107.56	107.68	for
107.68	107.79	deep
107.79	107.96	nasal
107.96	108.10	breathing
109.13	109.34	Shift
109.34	109.53	your
109.53	109.83	nervous
109.83	110.11	system
110.11	110.26	out
110.26	110.39	of
110.39	110.69	fight-or-flight
110.69	110.80	and
110.80	110.97	into
110.97	111.06	a
111.06	111.13	state
111.13	111.21	where
112.46	112.68	fat
112.68	113.00	burning
113.00	113.16	can
113.16	113.48	actually
113.48	113.63	occur
